created_at,entry_id,field1,field2,field3,field4,field5
2017-06-30 09:57:02 UTC,1,2.9,7.25,325.6,24.5625,1005.823
2017-06-30 09:57:22 UTC,2,2.9,6.25,324.32,24.625,1005.865
2017-06-30 09:57:42 UTC,3,2.9,6.25,328.16,24.625,1005.883
2017-06-30 09:58:02 UTC,4,2.9,6.25,324.96,24.6875,1005.855
2017-06-30 09:58:25 UTC,5,2.9,7.25,329.12,24.6875,1005.805
2017-06-30 09:58:44 UTC,6,2.9,5.25,311.12,24.6875,1005.865
2017-06-30 09:59:02 UTC,7,2.9,6.25,324.32,24.6875,1005.85
2017-06-30 09:59:22 UTC,8,1.68,4.299999,324.32,24.6875,1005.843
2017-06-30 09:59:43 UTC,9,2.9,7.25,326.24,24.6875,1005.867
2017-06-30 10:00:03 UTC,10,1.9,4.25,307.2,24.6875,1005.9
2017-06-30 10:00:23 UTC,11,2.9,6.25,325.28,24.625,1005.888
2017-06-30 10:00:43 UTC,12,2.9,6.25,320.08,24.5625,1005.915
2017-06-30 10:01:03 UTC,13,2.9,6.25,324.96,24.5625,1005.94
2017-06-30 10:01:23 UTC,14,2.9,6.25,316.88,24.5625,1005.877
2017-06-30 10:01:43 UTC,15,2.9,6.25,325.92,24.5,1005.888
2017-06-30 10:02:03 UTC,16,2.9,6.25,325.92,24.375,1005.923
2017-06-30 10:02:23 UTC,17,2.9,6.25,320.8,24.375,1005.91
2017-06-30 10:03:03 UTC,18,2.9,7.25,324.0,24.375,1005.905
2017-06-30 10:03:23 UTC,19,1.9,6.25,319.76,24.375,1005.872
2017-06-30 10:03:43 UTC,20,2.9,6.25,318.8,24.375,1005.855
2017-06-30 10:04:03 UTC,21,2.9,6.25,319.52,24.375,1005.867
2017-06-30 10:04:23 UTC,22,2.9,6.25,317.52,24.375,1005.875
2017-06-30 10:04:43 UTC,23,2.9,6.25,318.8,24.375,1005.847
2017-06-30 10:05:03 UTC,24,2.9,6.25,316.88,24.375,1005.852
2017-06-30 10:05:23 UTC,25,2.9,6.25,316.24,24.375,1005.84
2017-06-30 10:05:43 UTC,26,1.9,5.25,309.2,24.4375,1005.825
2017-06-30 10:06:03 UTC,27,2.9,6.25,314.32,24.5,1005.865
2017-06-30 10:06:23 UTC,28,2.9,6.25,323.04,24.4375,1005.89
2017-06-30 10:06:43 UTC,29,2.9,6.25,326.88,24.5,1005.867
2017-06-30 10:07:03 UTC,30,2.9,6.25,328.16,24.5625,1005.893
2017-06-30 10:07:23 UTC,31,2.9,6.25,328.16,24.5625,1005.89
2017-06-30 10:07:43 UTC,32,2.9,6.25,327.52,24.5625,1005.865
2017-06-30 10:08:03 UTC,33,2.9,6.25,324.0,24.5625,1005.907
2017-06-30 10:08:23 UTC,34,2.9,6.25,326.24,24.5625,1005.915
2017-06-30 10:08:43 UTC,35,2.9,6.25,324.64,24.5,1005.907
2017-06-30 10:09:04 UTC,36,1.68,4.299999,324.96,24.5625,1005.905
2017-06-30 10:09:23 UTC,37,2.9,6.25,324.32,24.5625,1005.917
2017-06-30 10:09:44 UTC,38,2.9,6.25,325.92,24.625,1005.925
2017-06-30 10:10:04 UTC,39,2.9,6.25,322.96,24.5625,1005.907
2017-06-30 10:10:24 UTC,40,2.9,6.25,327.2,24.5625,1005.93
2017-06-30 10:10:44 UTC,41,2.9,6.25,323.6,24.5625,1005.923
2017-06-30 10:11:04 UTC,42,2.9,6.25,328.48,24.5625,1005.867
2017-06-30 10:11:24 UTC,43,2.9,7.25,320.48,24.5625,1005.847
2017-06-30 10:11:44 UTC,44,2.9,6.25,326.24,24.625,1005.838
2017-06-30 10:12:04 UTC,45,1.9,5.25,324.24,24.5625,1005.79
2017-06-30 10:12:24 UTC,46,2.9,6.25,322.08,24.625,1005.823
2017-06-30 10:12:44 UTC,47,2.9,6.25,326.56,24.625,1005.798
2017-06-30 10:13:04 UTC,48,2.9,6.25,323.36,24.625,1005.872
2017-06-30 10:13:24 UTC,49,2.9,6.25,325.28,24.625,1005.805
2017-06-30 10:13:44 UTC,50,2.9,6.25,326.88,24.625,1005.83
2017-06-30 10:14:04 UTC,51,2.9,7.25,326.88,24.625,1005.815
2017-06-30 10:14:24 UTC,52,2.9,6.25,328.8,24.625,1005.87
2017-06-30 10:14:44 UTC,53,2.9,6.25,326.24,24.625,1005.81
2017-06-30 10:15:04 UTC,54,2.9,6.25,324.96,24.625,1005.83
2017-06-30 10:15:24 UTC,55,2.9,6.25,329.44,24.625,1005.85
2017-06-30 10:15:44 UTC,56,2.9,6.25,323.36,24.625,1005.845
2017-06-30 10:16:04 UTC,57,2.9,6.25,324.96,24.625,1005.825
2017-06-30 10:16:24 UTC,58,2.9,6.25,331.68,24.625,1005.838
2017-06-30 10:16:44 UTC,59,2.9,6.25,329.44,24.625,1005.88
2017-06-30 10:17:05 UTC,60,2.9,6.25,332.64,24.5625,1005.883
2017-06-30 10:17:25 UTC,61,2.9,6.25,326.56,24.5625,1005.885
2017-06-30 10:17:45 UTC,62,2.9,6.25,328.16,24.5625,1005.94
2017-06-30 10:18:05 UTC,63,1.68,4.299999,324.32,24.5,1005.952
2017-06-30 10:18:25 UTC,64,2.9,7.25,325.92,24.5,1005.965
2017-06-30 10:18:45 UTC,65,2.9,6.25,327.84,24.5,1006.003
2017-06-30 10:19:05 UTC,66,2.9,6.25,328.16,24.5,1005.975
2017-06-30 10:19:25 UTC,67,2.9,7.25,330.72,24.5,1005.957
2017-06-30 10:19:45 UTC,68,2.9,6.25,330.4,24.5,1005.923
2017-06-30 10:20:05 UTC,69,1.68,4.299999,328.48,24.5,1005.95
2017-06-30 10:20:25 UTC,70,2.9,7.25,330.4,24.5625,1005.995
2017-06-30 10:20:45 UTC,71,2.9,6.25,330.4,24.5625,1005.973
2017-06-30 10:21:05 UTC,72,2.9,6.25,324.64,24.5625,1005.945
2017-06-30 10:21:25 UTC,73,1.68,4.299999,330.72,24.5,1005.955
2017-06-30 10:21:45 UTC,74,2.9,6.25,331.04,24.5,1005.923
2017-06-30 10:22:05 UTC,75,3.9,7.25,332.0,24.5,1005.932
2017-06-30 10:22:25 UTC,76,2.9,7.25,327.52,24.5,1005.903
2017-06-30 10:22:45 UTC,77,3.9,7.25,332.96,24.5,1005.925
2017-06-30 10:23:05 UTC,78,2.9,7.25,330.72,24.5,1005.89
2017-06-30 10:23:25 UTC,79,3.9,7.25,331.36,24.5,1005.925
2017-06-30 10:23:45 UTC,80,2.9,6.25,334.24,24.5,1005.932
2017-06-30 10:24:05 UTC,81,1.68,5.299999,330.4,24.5,1005.905
2017-06-30 10:24:26 UTC,82,3.9,7.25,334.56,24.4375,1005.87
2017-06-30 10:24:46 UTC,83,2.9,7.25,327.84,24.5,1005.888
2017-06-30 10:25:06 UTC,84,2.9,6.25,330.72,24.5,1005.923
2017-06-30 10:25:26 UTC,85,3.9,7.25,331.68,24.5,1005.917
2017-06-30 10:25:46 UTC,86,1.68,5.299999,331.04,24.5,1005.957
2017-06-30 10:26:06 UTC,87,3.9,7.25,327.84,24.5,1005.907
2017-06-30 10:26:26 UTC,88,3.9,8.25,333.28,24.5,1005.895
2017-06-30 10:26:46 UTC,89,3.9,7.25,328.8,24.5,1005.87
2017-06-30 10:27:06 UTC,90,2.9,6.25,331.04,24.5,1005.83
2017-06-30 10:27:26 UTC,91,3.9,7.25,333.28,24.5,1005.84
2017-06-30 10:27:46 UTC,92,1.68,5.299999,331.68,24.5,1005.85
2017-06-30 10:28:06 UTC,93,3.9,7.25,334.88,24.5,1005.83
2017-06-30 10:28:26 UTC,94,3.9,7.25,328.16,24.5,1005.83
2017-06-30 10:28:46 UTC,95,1.68,5.299999,329.44,24.5625,1005.865
2017-06-30 10:29:06 UTC,96,3.9,7.25,335.2,24.5625,1005.857
2017-06-30 10:29:26 UTC,97,3.9,7.25,334.56,24.5625,1005.872
2017-06-30 10:29:46 UTC,98,2.9,7.25,329.44,24.5625,1005.833
2017-06-30 10:30:06 UTC,99,2.9,7.25,330.4,24.5625,1005.798
2017-06-30 10:30:26 UTC,100,3.9,7.25,333.28,24.5625,1005.813
2017-06-30 10:30:46 UTC,101,2.9,6.25,332.32,24.5625,1005.83
2017-06-30 10:31:06 UTC,102,1.68,5.299999,332.96,24.5625,1005.89
2017-06-30 10:31:26 UTC,103,3.9,7.25,327.84,24.5625,1005.865
2017-06-30 10:31:47 UTC,104,1.68,4.299999,326.56,24.5625,1005.828
2017-06-30 10:32:07 UTC,105,3.9,7.25,327.52,24.5,1005.833
2017-06-30 10:32:27 UTC,106,3.9,7.25,333.28,24.5,1005.883
2017-06-30 10:32:47 UTC,107,2.9,7.25,330.72,24.5,1005.87
2017-06-30 10:33:07 UTC,108,2.9,6.25,327.84,24.5,1005.825
2017-06-30 10:33:27 UTC,109,3.9,7.25,330.72,24.5,1005.867
2017-06-30 10:33:47 UTC,110,2.9,7.25,328.16,24.5,1005.862
2017-06-30 10:34:07 UTC,111,3.9,7.25,330.08,24.5,1005.893
2017-06-30 10:34:27 UTC,112,3.9,7.25,333.92,24.5,1005.855
2017-06-30 10:34:47 UTC,113,2.9,6.25,321.76,24.5,1005.825
2017-06-30 10:35:07 UTC,114,2.9,7.25,335.2,24.5,1005.83
2017-06-30 10:35:27 UTC,115,3.9,7.25,335.52,24.5,1005.838
2017-06-30 10:35:47 UTC,116,3.9,7.25,337.12,24.5,1005.875
2017-06-30 10:36:07 UTC,117,2.9,7.25,330.72,24.4375,1005.88
2017-06-30 10:36:27 UTC,118,1.68,5.299999,337.12,24.5,1005.89
2017-06-30 10:36:47 UTC,119,3.9,7.25,336.16,24.5,1005.828
2017-06-30 10:37:08 UTC,120,1.68,5.299999,337.76,24.5,1005.88
2017-06-30 10:37:27 UTC,121,2.9,7.25,334.88,24.4375,1005.895
2017-06-30 10:37:47 UTC,122,1.68,5.299999,334.88,24.375,1005.9
2017-06-30 10:38:08 UTC,123,3.9,7.25,335.52,24.375,1005.86
2017-06-30 10:38:27 UTC,124,1.68,5.299999,337.44,24.375,1005.895
2017-06-30 10:38:47 UTC,125,3.9,7.25,330.72,24.375,1005.872
2017-06-30 10:39:08 UTC,126,1.68,5.299999,337.12,24.375,1005.895
2017-06-30 10:39:28 UTC,127,2.9,7.25,333.6,24.375,1005.83
2017-06-30 10:39:48 UTC,128,3.9,7.25,334.24,24.375,1005.852
2017-06-30 10:40:08 UTC,129,3.9,7.25,334.88,24.3125,1005.8
2017-06-30 10:40:28 UTC,130,3.9,7.25,333.92,24.3125,1005.835
2017-06-30 10:40:48 UTC,131,3.9,7.25,336.8,24.3125,1005.847
2017-06-30 10:41:08 UTC,132,3.9,7.25,330.4,24.375,1005.872
2017-06-30 10:41:28 UTC,133,1.68,4.299999,334.56,24.3125,1005.818
2017-06-30 10:41:48 UTC,134,3.9,7.25,334.24,24.3125,1005.823
2017-06-30 10:42:08 UTC,135,1.68,5.299999,337.76,24.375,1005.81
2017-06-30 10:42:28 UTC,136,2.9,7.25,334.88,24.3125,1005.798
2017-06-30 10:42:48 UTC,137,3.9,8.25,332.32,24.3125,1005.823
2017-06-30 10:43:08 UTC,138,1.68,5.299999,332.64,24.3125,1005.762
2017-06-30 10:43:28 UTC,139,3.9,7.25,339.04,24.3125,1005.775
2017-06-30 10:43:48 UTC,140,3.9,8.25,339.68,24.3125,1005.762
2017-06-30 10:44:08 UTC,141,1.68,5.299999,335.2,24.3125,1005.742
2017-06-30 10:44:28 UTC,142,1.68,5.299999,335.52,24.3125,1005.77
2017-06-30 10:44:48 UTC,143,1.68,5.299999,339.68,24.3125,1005.745
2017-06-30 10:45:08 UTC,144,3.9,8.25,337.76,24.25,1005.71
2017-06-30 10:45:28 UTC,145,3.9,8.25,340.0,24.25,1005.692
2017-06-30 10:45:48 UTC,146,3.9,8.25,337.12,24.3125,1005.672
2017-06-30 10:46:08 UTC,147,2.68,5.299999,336.48,24.25,1005.682
2017-06-30 10:46:28 UTC,148,3.9,8.25,333.92,24.3125,1005.672
2017-06-30 10:46:49 UTC,149,3.9,8.25,335.2,24.25,1005.675
2017-06-30 10:47:09 UTC,150,3.9,8.25,335.2,24.25,1005.678
2017-06-30 10:47:29 UTC,151,2.68,6.299999,340.96,24.3125,1005.662
2017-06-30 10:47:49 UTC,152,3.9,8.25,337.76,24.3125,1005.69
2017-06-30 10:48:09 UTC,153,2.68,5.299999,335.84,24.3125,1005.662
2017-06-30 10:48:29 UTC,154,2.68,6.299999,336.48,24.3125,1005.635
2017-06-30 10:48:49 UTC,155,2.68,6.299999,340.64,24.3125,1005.64
2017-06-30 10:49:09 UTC,156,2.68,6.299999,337.12,24.3125,1005.635
2017-06-30 10:49:29 UTC,157,2.68,6.299999,342.56,24.3125,1005.635
2017-06-30 10:49:49 UTC,158,4.9,8.25,343.2,24.3125,1005.65
2017-06-30 10:50:09 UTC,159,4.9,8.25,336.48,24.3125,1005.628
2017-06-30 10:50:29 UTC,160,2.68,6.299999,340.32,24.3125,1005.643
2017-06-30 10:50:49 UTC,161,4.9,8.25,336.8,24.375,1005.593
2017-06-30 10:51:09 UTC,162,2.68,6.299999,340.96,24.375,1005.625
2017-06-30 10:51:29 UTC,163,4.9,9.25,342.72,24.4375,1005.605
2017-06-30 10:51:49 UTC,164,4.9,8.25,336.8,24.375,1005.593
2017-06-30 10:52:09 UTC,165,3.9,8.25,336.48,24.375,1005.597
2017-06-30 10:52:29 UTC,166,4.9,8.25,336.16,24.375,1005.638
2017-06-30 10:52:51 UTC,167,2.68,6.299999,334.24,24.3125,1005.612
2017-06-30 10:53:09 UTC,168,3.9,8.25,336.8,24.3125,1005.58
2017-06-30 10:53:29 UTC,169,4.9,9.25,338.72,24.25,1005.617
2017-06-30 10:53:49 UTC,170,2.68,5.299999,339.04,24.1875,1005.585
2017-06-30 10:54:10 UTC,171,3.9,8.25,340.0,24.1875,1005.628
2017-06-30 10:54:30 UTC,172,2.68,5.299999,336.8,24.1875,1005.577
2017-06-30 10:54:50 UTC,173,2.68,5.299999,333.28,24.1875,1005.593
2017-06-30 10:55:10 UTC,174,3.9,8.25,334.24,24.1875,1005.53
2017-06-30 10:55:30 UTC,175,4.9,8.25,338.4,24.25,1005.523
2017-06-30 10:55:50 UTC,176,3.9,8.25,331.36,24.3125,1005.54
2017-06-30 10:56:10 UTC,177,3.9,7.25,332.64,24.3125,1005.527
2017-06-30 10:56:30 UTC,178,3.9,7.25,336.16,24.25,1005.475
2017-06-30 10:56:50 UTC,179,1.68,5.299999,331.04,24.25,1005.49
2017-06-30 10:57:10 UTC,180,1.68,5.299999,340.0,24.25,1005.493
2017-06-30 10:57:30 UTC,181,1.68,5.299999,340.32,24.25,1005.473
2017-06-30 10:57:50 UTC,182,3.9,8.25,340.32,24.25,1005.485
2017-06-30 10:58:10 UTC,183,3.9,8.25,333.6,24.3125,1005.505
2017-06-30 10:58:30 UTC,184,2.68,6.299999,338.4,24.3125,1005.435
2017-06-30 10:58:50 UTC,185,2.68,6.299999,335.84,24.3125,1005.43
2017-06-30 10:59:10 UTC,186,2.68,6.299999,337.44,24.3125,1005.388
2017-06-30 10:59:30 UTC,187,3.9,8.25,338.08,24.25,1005.417
2017-06-30 10:59:50 UTC,188,4.9,8.25,340.32,24.25,1005.388
2017-06-30 11:00:10 UTC,189,2.68,6.299999,341.6,24.25,1005.385
2017-06-30 11:00:30 UTC,190,3.68,7.299999,343.36,24.25,1005.388
2017-06-30 11:00:50 UTC,191,2.68,6.299999,342.72,24.25,1005.358
2017-06-30 11:01:10 UTC,192,2.68,6.299999,344.32,24.25,1005.342
2017-06-30 11:01:31 UTC,193,2.68,6.299999,340.8,24.25,1005.315
2017-06-30 11:01:51 UTC,194,2.68,6.299999,343.68,24.25,1005.302
2017-06-30 11:02:11 UTC,195,4.9,9.25,342.72,24.25,1005.3
2017-06-30 11:02:31 UTC,196,4.9,9.25,344.64,24.25,1005.282
2017-06-30 11:02:51 UTC,197,2.68,6.299999,340.96,24.3125,1005.298
2017-06-30 11:03:11 UTC,198,2.68,6.299999,340.64,24.3125,1005.302
2017-06-30 11:03:31 UTC,199,2.68,6.299999,342.4,24.3125,1005.31
2017-06-30 11:03:51 UTC,200,2.68,6.299999,340.0,24.25,1005.282
2017-06-30 11:04:11 UTC,201,4.9,8.25,339.36,24.25,1005.252
2017-06-30 11:04:31 UTC,202,2.68,6.299999,342.4,24.1875,1005.242
2017-06-30 11:04:51 UTC,203,2.68,6.299999,337.76,24.1875,1005.2
2017-06-30 11:05:11 UTC,204,4.9,9.25,337.12,24.1875,1005.195
2017-06-30 11:05:31 UTC,205,2.68,6.299999,341.92,24.1875,1005.203
2017-06-30 11:05:51 UTC,206,4.9,9.25,337.44,24.25,1005.2
2017-06-30 11:06:11 UTC,207,2.68,6.299999,335.52,24.1875,1005.072
2017-06-30 11:06:31 UTC,208,3.9,8.25,338.08,24.1875,1005.118
2017-06-30 11:06:51 UTC,209,3.9,8.25,338.08,24.25,1005.105
2017-06-30 11:07:11 UTC,210,2.68,6.299999,335.2,24.1875,1005.105
2017-06-30 11:07:31 UTC,211,2.68,6.299999,333.92,24.1875,1005.143
2017-06-30 11:07:51 UTC,212,3.9,8.25,338.08,24.1875,1005.143
2017-06-30 11:08:11 UTC,213,3.9,8.25,338.08,24.1875,1005.13
2017-06-30 11:08:31 UTC,214,3.9,7.25,340.32,24.1875,1005.113
2017-06-30 11:08:52 UTC,215,3.9,8.25,332.64,24.125,1005.09
2017-06-30 11:09:12 UTC,216,2.68,6.299999,339.36,24.1875,1005.095
2017-06-30 11:09:32 UTC,217,3.9,8.25,337.12,24.1875,1005.085
2017-06-30 11:09:52 UTC,218,2.68,5.299999,338.08,24.1875,1005.093
2017-06-30 11:10:12 UTC,219,2.68,6.299999,338.4,24.1875,1005.087
2017-06-30 11:10:32 UTC,220,2.68,6.299999,334.24,24.125,1005.055
2017-06-30 11:10:52 UTC,221,3.9,8.25,336.16,24.125,1005.047
2017-06-30 11:11:12 UTC,222,2.68,5.299999,335.84,24.125,1005.018
2017-06-30 11:11:32 UTC,223,3.68,6.299999,340.8,24.125,1005.072
2017-06-30 11:11:52 UTC,224,2.68,6.299999,342.4,24.1875,1005.065
2017-06-30 11:12:12 UTC,225,2.68,6.299999,340.64,24.1875,1005.032
2017-06-30 11:12:32 UTC,226,4.9,8.25,342.24,24.1875,1005.045
2017-06-30 11:12:52 UTC,227,3.9,8.25,338.72,24.1875,1005.0
2017-06-30 11:13:12 UTC,228,2.68,6.299999,340.32,24.1875,1004.963
2017-06-30 11:13:32 UTC,229,4.9,9.25,339.36,24.1875,1004.977
2017-06-30 11:13:52 UTC,230,2.68,5.299999,335.84,24.1875,1004.982
2017-06-30 11:14:12 UTC,231,3.9,8.25,333.28,24.1875,1005.025
2017-06-30 11:14:32 UTC,232,3.9,8.25,338.08,24.1875,1005.025
2017-06-30 11:14:52 UTC,233,4.9,8.25,339.36,24.25,1005.02
2017-06-30 11:15:12 UTC,234,3.9,8.25,335.84,24.25,1005.035
2017-06-30 11:15:32 UTC,235,4.9,8.25,337.44,24.25,1005.023
2017-06-30 11:15:52 UTC,236,2.68,5.299999,335.52,24.3125,1005.095
2017-06-30 11:16:13 UTC,237,3.9,8.25,334.56,24.3125,1005.135
2017-06-30 11:16:33 UTC,238,4.9,8.25,335.52,24.3125,1005.077
2017-06-30 11:16:53 UTC,239,2.68,6.299999,335.52,24.375,1005.157
2017-06-30 11:17:13 UTC,240,2.68,6.299999,332.96,24.375,1005.18
2017-06-30 11:17:33 UTC,241,3.9,8.25,335.84,24.375,1005.183
2017-06-30 11:17:53 UTC,242,1.68,5.299999,332.96,24.375,1005.133
2017-06-30 11:18:13 UTC,243,3.9,7.25,332.0,24.375,1005.145
2017-06-30 11:18:33 UTC,244,3.9,7.25,338.4,24.375,1005.225
2017-06-30 11:18:53 UTC,245,3.9,8.25,335.52,24.3125,1005.198
2017-06-30 11:19:13 UTC,246,3.9,7.25,335.2,24.3125,1005.17
2017-06-30 11:19:33 UTC,247,3.9,8.25,332.96,24.3125,1005.17
2017-06-30 11:19:53 UTC,248,1.68,5.299999,334.88,24.3125,1005.18
2017-06-30 11:20:13 UTC,249,3.9,8.25,332.64,24.3125,1005.16
2017-06-30 11:20:33 UTC,250,2.9,7.25,331.36,24.25,1005.147
2017-06-30 11:20:53 UTC,251,3.9,8.25,329.12,24.1875,1005.21
2017-06-30 11:21:13 UTC,252,3.9,8.25,335.52,24.1875,1005.19
2017-06-30 11:21:33 UTC,253,3.9,8.25,330.4,24.1875,1005.222
2017-06-30 11:21:53 UTC,254,3.9,7.25,331.68,24.1875,1005.227
2017-06-30 11:22:13 UTC,255,3.9,7.25,329.44,24.1875,1005.183
2017-06-30 11:22:33 UTC,256,3.9,7.25,331.04,24.125,1005.183
2017-06-30 11:22:53 UTC,257,3.9,8.25,338.08,24.1875,1005.203
2017-06-30 11:23:13 UTC,258,1.68,5.299999,336.16,24.1875,1005.208
2017-06-30 11:23:33 UTC,259,3.9,7.25,331.04,24.25,1005.208
2017-06-30 11:23:54 UTC,260,3.9,7.25,335.84,24.25,1005.188
2017-06-30 11:24:14 UTC,261,1.68,5.299999,335.2,24.25,1005.185
2017-06-30 11:24:34 UTC,262,3.9,7.25,336.16,24.25,1005.167
2017-06-30 11:24:54 UTC,263,3.9,7.25,332.64,24.3125,1005.175
2017-06-30 11:25:14 UTC,264,2.9,7.25,328.8,24.3125,1005.195
2017-06-30 11:25:34 UTC,265,3.9,7.25,330.72,24.375,1005.247
2017-06-30 11:25:54 UTC,266,2.9,6.25,316.88,24.3125,1005.205
2017-06-30 11:26:14 UTC,267,2.9,7.25,332.96,24.3125,1005.2
2017-06-30 11:26:34 UTC,268,2.9,5.25,302.8,24.3125,1005.218
2017-06-30 11:26:54 UTC,269,2.9,7.25,330.08,24.3125,1005.208
2017-06-30 11:27:14 UTC,270,2.9,7.25,330.4,24.3125,1005.172
2017-06-30 11:27:34 UTC,271,2.9,6.25,329.44,24.3125,1005.143
2017-06-30 11:27:54 UTC,272,3.9,7.25,327.52,24.375,1005.157
2017-06-30 11:28:14 UTC,273,2.9,6.25,327.52,24.3125,1005.172
2017-06-30 11:28:34 UTC,274,3.9,7.25,329.76,24.375,1005.14
2017-06-30 11:28:54 UTC,275,2.9,6.25,328.48,24.3125,1005.11
2017-06-30 11:29:14 UTC,276,3.9,7.25,327.52,24.3125,1005.13
2017-06-30 11:29:34 UTC,277,1.68,5.299999,327.52,24.375,1005.115
2017-06-30 11:29:54 UTC,278,3.9,7.25,326.24,24.4375,1005.067
2017-06-30 11:30:14 UTC,279,3.9,7.25,329.76,24.5,1005.115
2017-06-30 11:30:34 UTC,280,3.9,7.25,333.92,24.5,1005.098
2017-06-30 11:30:54 UTC,281,3.9,8.25,325.92,24.5,1005.085
2017-06-30 11:31:15 UTC,282,3.9,8.25,332.32,24.5,1005.105
2017-06-30 11:31:35 UTC,283,3.9,7.25,329.12,24.5,1005.065
2017-06-30 11:31:55 UTC,284,3.9,8.25,332.32,24.5,1005.087
2017-06-30 11:32:15 UTC,285,2.9,5.25,315.92,24.5,1005.143
2017-06-30 11:32:35 UTC,286,2.9,6.25,329.12,24.5,1005.1
2017-06-30 11:32:57 UTC,287,2.9,6.25,318.16,24.4375,1005.093
2017-06-30 11:33:15 UTC,288,1.9,5.25,305.6,24.4375,1005.113
2017-06-30 11:33:35 UTC,289,3.9,7.25,329.12,24.5,1005.12
2017-06-30 11:33:55 UTC,290,2.9,7.25,323.04,24.4375,1005.042
2017-06-30 11:34:15 UTC,291,2.9,6.25,323.68,24.5,1005.06
2017-06-30 11:34:35 UTC,292,3.9,7.25,325.28,24.4375,1005.06
2017-06-30 11:34:55 UTC,293,3.9,7.25,332.96,24.4375,1005.08
2017-06-30 11:35:15 UTC,294,3.9,7.25,326.88,24.4375,1005.125
2017-06-30 11:35:35 UTC,295,2.9,7.25,332.96,24.4375,1005.085
2017-06-30 11:35:55 UTC,296,3.9,8.25,333.6,24.4375,1005.095
2017-06-30 11:36:15 UTC,297,1.68,4.299999,327.52,24.4375,1005.09
2017-06-30 11:36:35 UTC,298,2.9,6.25,318.48,24.4375,1005.108
2017-06-30 11:36:55 UTC,299,3.9,7.25,329.76,24.4375,1005.135
2017-06-30 11:37:15 UTC,300,3.9,7.25,327.84,24.4375,1005.155
2017-06-30 11:37:35 UTC,301,3.9,7.25,325.92,24.375,1005.087
2017-06-30 11:37:55 UTC,302,2.9,6.25,313.04,24.3125,1005.123
2017-06-30 11:38:16 UTC,303,2.9,7.25,325.28,24.375,1005.123
2017-06-30 11:38:36 UTC,304,2.9,6.25,325.92,24.375,1005.137
2017-06-30 11:38:56 UTC,305,2.9,7.25,323.68,24.375,1005.12
2017-06-30 11:39:16 UTC,306,2.9,7.25,323.36,24.375,1005.105
2017-06-30 11:39:36 UTC,307,2.9,7.25,328.16,24.375,1005.118
2017-06-30 11:39:56 UTC,308,3.9,7.25,321.12,24.375,1005.103
2017-06-30 11:40:16 UTC,309,3.9,7.25,320.48,24.375,1005.155
2017-06-30 11:40:36 UTC,310,3.9,7.25,325.6,24.375,1005.115
2017-06-30 11:40:56 UTC,311,1.68,4.299999,330.72,24.375,1005.11
2017-06-30 11:41:16 UTC,312,3.9,7.25,331.36,24.375,1005.093
2017-06-30 11:41:36 UTC,313,3.9,7.25,325.92,24.4375,1005.047
2017-06-30 11:41:56 UTC,314,1.68,5.299999,325.28,24.4375,1005.03
2017-06-30 11:42:16 UTC,315,3.9,7.25,327.2,24.5,1004.968
2017-06-30 11:42:36 UTC,316,4.9,8.25,336.48,24.5625,1004.992
2017-06-30 11:42:56 UTC,317,2.68,6.299999,334.56,24.625,1004.975
2017-06-30 11:43:16 UTC,318,2.68,6.299999,339.68,24.625,1005.008
2017-06-30 11:43:36 UTC,319,2.68,6.299999,333.6,24.6875,1004.99
2017-06-30 11:43:56 UTC,320,2.68,6.299999,335.2,24.6875,1004.997
2017-06-30 11:44:16 UTC,321,2.68,6.299999,339.68,24.6875,1004.965
2017-06-30 11:44:36 UTC,322,3.68,7.299999,335.84,24.75,1004.987
2017-06-30 11:44:56 UTC,323,3.68,7.299999,340.8,24.6875,1004.965
2017-06-30 11:45:16 UTC,324,3.68,6.299999,338.24,24.75,1004.992
2017-06-30 11:45:41 UTC,325,4.68,8.299999,339.2,24.75,1004.97
2017-06-30 11:45:57 UTC,326,4.68,8.299999,342.4,24.75,1004.977
2017-06-30 11:46:17 UTC,327,3.35,6.559999,335.84,24.75,1004.97
2017-06-30 11:46:37 UTC,328,3.35,6.559999,334.24,24.6875,1004.915
2017-06-30 11:46:57 UTC,329,3.68,7.299999,337.28,24.6875,1004.925
2017-06-30 11:47:17 UTC,330,4.68,8.299999,335.68,24.625,1004.905
2017-06-30 11:47:37 UTC,331,3.68,7.299999,330.08,24.625,1004.902
2017-06-30 11:47:57 UTC,332,2.68,6.299999,327.84,24.625,1004.955
2017-06-30 11:48:17 UTC,333,3.68,6.299999,334.56,24.625,1004.958
2017-06-30 11:48:37 UTC,334,3.68,6.299999,336.48,24.625,1004.94
2017-06-30 11:48:57 UTC,335,3.9,7.25,316.32,24.625,1005.005
2017-06-30 11:49:17 UTC,336,4.9,8.25,330.4,24.6875,1005.005
2017-06-30 11:49:37 UTC,337,3.9,7.25,318.56,24.75,1004.987
2017-06-30 11:49:57 UTC,338,1.68,5.299999,323.68,24.8125,1004.977
2017-06-30 11:50:13 UTC,339,2.68,5.299999,325.92,24.8125,1004.963
2017-06-30 11:50:37 UTC,340,3.9,7.25,323.68,24.8125,1004.95
2017-06-30 11:50:57 UTC,341,3.9,8.25,322.4,24.8125,1004.985
2017-06-30 11:51:17 UTC,342,1.9,5.25,308.56,24.75,1004.975
2017-06-30 11:51:42 UTC,343,1.68,5.299999,318.24,24.75,1004.968
2017-06-30 11:52:05 UTC,344,3.9,7.25,310.48,24.75,1005.0
2017-06-30 11:52:29 UTC,345,3.9,7.25,319.2,24.75,1004.982
2017-06-30 11:52:44 UTC,346,2.9,7.25,320.16,24.8125,1005.03
2017-06-30 11:53:08 UTC,347,3.9,7.25,320.16,24.8125,1004.98
2017-06-30 11:53:28 UTC,348,1.9,5.25,312.08,24.8125,1005.062
2017-06-30 11:53:48 UTC,349,2.9,6.25,316.56,24.75,1005.008
2017-06-30 11:54:11 UTC,350,2.9,7.25,323.04,24.6875,1004.968
2017-06-30 11:54:28 UTC,351,2.9,6.25,312.4,24.6875,1004.985
2017-06-30 11:54:48 UTC,352,2.9,6.25,320.08,24.75,1005.025
2017-06-30 11:55:08 UTC,353,2.9,6.25,319.84,24.75,1005.013
2017-06-30 11:55:28 UTC,354,2.9,6.25,322.72,24.75,1004.965
2017-06-30 11:55:48 UTC,355,2.9,7.25,323.36,24.6875,1004.948
2017-06-30 11:56:08 UTC,356,2.9,7.25,321.76,24.625,1004.91
2017-06-30 11:56:28 UTC,357,2.9,7.25,321.44,24.5625,1004.963
2017-06-30 11:56:54 UTC,358,2.9,7.25,319.84,24.5625,1004.935
2017-06-30 11:57:18 UTC,359,2.9,7.25,320.16,24.5,1004.905
2017-06-30 11:57:38 UTC,360,2.9,6.25,325.28,24.5625,1004.943
2017-06-30 11:57:58 UTC,361,2.9,7.25,326.24,24.625,1005.0
2017-06-30 11:58:18 UTC,362,3.9,7.25,325.6,24.625,1004.95
2017-06-30 11:58:38 UTC,363,3.9,7.25,321.12,24.6875,1005.028
2017-06-30 11:58:58 UTC,364,3.9,7.25,325.28,24.6875,1004.975
2017-06-30 11:59:18 UTC,365,3.9,7.25,323.04,24.6875,1004.982
2017-06-30 11:59:38 UTC,366,2.9,7.25,325.28,24.625,1004.943
2017-06-30 11:59:58 UTC,367,3.9,7.25,324.0,24.625,1004.925
2017-06-30 12:00:18 UTC,368,2.9,7.25,322.72,24.625,1004.933
2017-06-30 12:00:39 UTC,369,2.9,6.25,320.16,24.625,1004.9
2017-06-30 12:00:59 UTC,370,2.9,6.25,320.8,24.6875,1004.935
2017-06-30 12:01:19 UTC,371,2.9,6.25,318.8,24.6875,1004.897
2017-06-30 12:01:39 UTC,372,2.9,6.25,317.92,24.6875,1004.88
2017-06-30 12:01:59 UTC,373,2.9,6.25,319.52,24.625,1004.86
2017-06-30 12:02:19 UTC,374,2.9,6.25,319.12,24.625,1004.893
2017-06-30 12:02:39 UTC,375,2.9,6.25,321.44,24.5625,1004.838
2017-06-30 12:02:59 UTC,376,2.9,6.25,320.48,24.625,1004.86
2017-06-30 12:03:19 UTC,377,2.9,6.25,319.52,24.6875,1004.84
2017-06-30 12:03:39 UTC,378,2.9,7.25,316.88,24.625,1004.785
2017-06-30 12:03:59 UTC,379,2.9,7.25,315.92,24.625,1004.78
2017-06-30 12:04:19 UTC,380,2.9,6.25,317.84,24.5625,1004.73
2017-06-30 12:04:39 UTC,381,2.9,6.25,319.2,24.5625,1004.74
2017-06-30 12:04:59 UTC,382,2.9,6.25,316.32,24.5,1004.678
2017-06-30 12:05:19 UTC,383,2.9,6.25,317.92,24.5,1004.685
2017-06-30 12:05:39 UTC,384,0.6800003,4.299999,317.2,24.5625,1004.72
2017-06-30 12:05:59 UTC,385,2.9,6.25,315.28,24.625,1004.785
2017-06-30 12:06:19 UTC,386,2.9,6.25,317.2,24.6875,1004.755
2017-06-30 12:06:39 UTC,387,2.9,6.25,316.64,24.8125,1004.72
2017-06-30 12:06:59 UTC,388,2.9,6.25,318.24,24.8125,1004.682
2017-06-30 12:07:19 UTC,389,2.9,6.25,314.64,24.8125,1004.662
2017-06-30 12:07:39 UTC,390,2.9,7.25,318.88,24.75,1004.658
2017-06-30 12:08:00 UTC,391,2.9,6.25,317.28,24.75,1004.66
2017-06-30 12:08:20 UTC,392,2.9,6.25,318.56,24.75,1004.678
2017-06-30 12:08:40 UTC,393,2.9,7.25,318.24,24.75,1004.628
2017-06-30 12:09:00 UTC,394,3.9,7.25,320.16,24.8125,1004.658
2017-06-30 12:09:20 UTC,395,2.9,6.25,318.24,24.875,1004.66
2017-06-30 12:09:40 UTC,396,2.9,6.25,318.16,24.875,1004.655
2017-06-30 12:10:00 UTC,397,2.9,6.25,316.56,24.875,1004.672
2017-06-30 12:10:20 UTC,398,2.9,6.25,314.96,24.875,1004.648
2017-06-30 12:10:40 UTC,399,2.9,6.25,316.96,24.75,1004.612
2017-06-30 12:11:00 UTC,400,2.9,6.25,318.88,24.75,1004.678
2017-06-30 12:11:20 UTC,401,2.9,7.25,322.08,24.75,1004.685
2017-06-30 12:11:40 UTC,402,2.9,6.25,317.52,24.75,1004.688
2017-06-30 12:12:00 UTC,403,2.9,7.25,322.72,24.6875,1004.665
2017-06-30 12:12:22 UTC,404,3.9,7.25,320.16,24.75,1004.65
2017-06-30 12:12:40 UTC,405,1.68,4.299999,318.24,24.8125,1004.645
2017-06-30 12:13:00 UTC,406,2.9,7.25,318.16,24.8125,1004.63
2017-06-30 12:13:20 UTC,407,2.9,6.25,323.04,24.8125,1004.66
2017-06-30 12:13:40 UTC,408,2.9,7.25,317.84,24.875,1004.662
2017-06-30 12:14:00 UTC,409,2.9,6.25,319.2,24.875,1004.675
2017-06-30 12:14:20 UTC,410,2.9,6.25,322.4,24.75,1004.718
2017-06-30 12:14:40 UTC,411,1.68,4.299999,324.0,24.6875,1004.748
2017-06-30 12:15:00 UTC,412,2.9,6.25,318.24,24.625,1004.718
2017-06-30 12:15:21 UTC,413,2.9,6.25,324.0,24.625,1004.812
2017-06-30 12:15:41 UTC,414,3.9,7.25,317.6,24.625,1004.795
2017-06-30 12:16:01 UTC,415,1.68,4.299999,325.28,24.625,1004.763
2017-06-30 12:16:21 UTC,416,3.9,7.25,319.52,24.6875,1004.827
2017-06-30 12:16:41 UTC,417,3.9,7.25,323.68,24.6875,1004.873
2017-06-30 12:17:01 UTC,418,1.68,4.299999,323.68,24.625,1004.838
2017-06-30 12:17:21 UTC,419,3.9,7.25,321.44,24.6875,1004.87
2017-06-30 12:17:41 UTC,420,2.9,7.25,324.96,24.75,1004.817
2017-06-30 12:18:01 UTC,421,1.68,4.299999,319.44,24.8125,1004.87
2017-06-30 12:18:21 UTC,422,2.9,6.25,316.0,24.8125,1004.845
2017-06-30 12:18:41 UTC,423,2.9,6.25,310.8,24.875,1004.85
2017-06-30 12:19:01 UTC,424,2.9,6.25,318.16,24.9375,1004.845
2017-06-30 12:19:21 UTC,425,2.9,6.25,322.4,24.9375,1004.853
2017-06-30 12:19:41 UTC,426,2.9,6.25,317.6,24.9375,1004.815
2017-06-30 12:20:01 UTC,427,1.68,4.299999,318.8,24.9375,1004.82
2017-06-30 12:20:21 UTC,428,3.12,7.2,297.28,25.0,1004.84
2017-06-30 12:20:41 UTC,429,4.34,7.15,210.56,25.0,1004.865
2017-06-30 12:21:01 UTC,430,2.9,7.25,320.16,25.0625,1004.893
2017-06-30 12:21:21 UTC,431,2.9,7.25,318.56,25.0625,1004.875
2017-06-30 12:21:42 UTC,432,2.9,7.25,317.2,25.0625,1004.89
2017-06-30 12:22:01 UTC,433,3.9,7.25,318.24,25.0625,1004.87
2017-06-30 12:22:21 UTC,434,3.9,7.25,314.96,25.0625,1004.9
2017-06-30 12:22:42 UTC,435,2.9,6.25,321.44,25.0625,1004.89
2017-06-30 12:23:02 UTC,436,2.9,6.25,318.16,25.125,1004.877
2017-06-30 12:23:23 UTC,437,2.9,6.25,317.2,25.125,1004.91
2017-06-30 12:23:42 UTC,438,2.9,6.25,314.64,25.125,1004.923
2017-06-30 12:24:02 UTC,439,2.9,6.25,317.52,25.0625,1004.863
2017-06-30 12:24:22 UTC,440,2.9,6.25,315.28,25.125,1004.912
2017-06-30 12:24:42 UTC,441,0.6800003,4.299999,315.28,25.125,1004.893
2017-06-30 12:25:02 UTC,442,2.9,6.25,316.88,25.0625,1004.822
2017-06-30 12:25:22 UTC,443,2.9,6.25,319.44,25.125,1004.89
2017-06-30 12:25:42 UTC,444,1.68,4.299999,314.0,25.125,1004.887
2017-06-30 12:26:02 UTC,445,2.9,6.25,318.16,25.1875,1004.902
2017-06-30 12:26:22 UTC,446,2.9,6.25,314.96,25.1875,1004.915
2017-06-30 12:26:42 UTC,447,2.12,5.2,238.8,25.1875,1004.91
2017-06-30 12:27:04 UTC,448,1.68,4.299999,320.08,25.1875,1004.87
2017-06-30 12:27:22 UTC,449,2.9,7.25,317.52,25.125,1004.875
2017-06-30 12:27:42 UTC,450,2.9,6.25,318.8,25.125,1004.89
2017-06-30 12:28:02 UTC,451,2.9,6.25,317.52,25.125,1004.893
2017-06-30 12:28:22 UTC,452,2.9,6.25,316.88,25.125,1004.847
2017-06-30 12:28:42 UTC,453,2.9,6.25,313.36,25.0625,1004.817
2017-06-30 12:29:02 UTC,454,2.9,6.25,313.04,25.0625,1004.82
2017-06-30 12:29:22 UTC,455,2.9,6.25,310.48,25.0625,1004.845
2017-06-30 12:29:42 UTC,456,0.6800003,4.299999,318.8,25.0,1004.807
2017-06-30 12:30:03 UTC,457,0.6800003,4.299999,313.04,25.0,1004.8
2017-06-30 12:30:23 UTC,458,2.9,6.25,317.2,25.0,1004.763
2017-06-30 12:30:44 UTC,459,1.9,5.25,299.2,24.9375,1004.775
2017-06-30 12:31:03 UTC,460,2.9,6.25,312.4,24.9375,1004.71
2017-06-30 12:31:23 UTC,461,2.9,6.25,310.48,24.875,1004.745
2017-06-30 12:31:43 UTC,462,3.12,6.2,285.68,24.9375,1004.732
2017-06-30 12:32:03 UTC,463,2.9,6.25,306.0,24.9375,1004.765
2017-06-30 12:32:23 UTC,464,1.9,5.25,302.16,24.9375,1004.695
2017-06-30 12:32:43 UTC,465,2.9,6.25,304.08,24.8125,1004.66
2017-06-30 12:33:03 UTC,466,2.9,6.25,311.76,24.6875,1004.702
2017-06-30 12:33:23 UTC,467,2.9,6.25,312.72,24.6875,1004.668
2017-06-30 12:33:43 UTC,468,2.9,6.25,315.28,24.8125,1004.725
2017-06-30 12:34:03 UTC,469,2.9,6.25,316.24,24.75,1004.682
2017-06-30 12:34:23 UTC,470,2.9,6.25,318.8,24.75,1004.645
2017-06-30 12:34:43 UTC,471,1.9,5.25,314.64,24.75,1004.635
2017-06-30 12:35:04 UTC,472,2.9,6.25,313.68,24.875,1004.653
2017-06-30 12:35:23 UTC,473,2.9,6.25,316.24,24.8125,1004.63
2017-06-30 12:35:43 UTC,474,2.9,6.25,314.32,24.75,1004.645
2017-06-30 12:36:03 UTC,475,2.9,6.25,319.44,24.8125,1004.688
2017-06-30 12:36:23 UTC,476,2.9,6.25,314.32,24.875,1004.688
2017-06-30 12:36:43 UTC,477,2.9,6.25,319.12,25.0,1004.72
2017-06-30 12:37:03 UTC,478,2.9,6.25,314.96,25.0,1004.695
2017-06-30 12:37:25 UTC,479,2.9,6.25,317.2,25.0,1004.7
2017-06-30 12:37:44 UTC,480,1.9,5.25,315.6,25.0,1004.702
2017-06-30 12:38:04 UTC,481,2.9,6.25,319.84,25.0625,1004.758
2017-06-30 12:38:24 UTC,482,2.9,6.25,317.2,25.125,1004.76
2017-06-30 12:38:44 UTC,483,2.9,6.25,316.24,25.125,1004.785
2017-06-30 12:39:04 UTC,484,0.6800003,4.299999,320.16,25.1875,1004.78
2017-06-30 12:39:24 UTC,485,2.9,6.25,318.16,25.25,1004.76
2017-06-30 12:39:44 UTC,486,2.9,6.25,322.08,25.25,1004.758
2017-06-30 12:40:04 UTC,487,1.68,4.299999,318.16,25.25,1004.73
2017-06-30 12:40:24 UTC,488,2.9,6.25,320.08,25.3125,1004.763
2017-06-30 12:40:44 UTC,489,1.68,4.299999,316.96,25.3125,1004.787
2017-06-30 12:41:04 UTC,490,3.9,7.25,318.24,25.3125,1004.773
2017-06-30 12:41:24 UTC,491,2.9,6.25,318.24,25.375,1004.8
2017-06-30 12:41:46 UTC,492,3.9,7.25,323.36,25.3125,1004.8
2017-06-30 12:42:04 UTC,493,2.9,6.25,318.48,25.25,1004.722
2017-06-30 12:42:24 UTC,494,3.9,7.25,319.84,25.25,1004.732
2017-06-30 12:42:44 UTC,495,1.68,4.299999,319.84,25.25,1004.7
2017-06-30 12:43:04 UTC,496,3.9,7.25,318.88,25.3125,1004.787
2017-06-30 12:43:24 UTC,497,3.9,7.25,318.16,25.3125,1004.755
2017-06-30 12:43:44 UTC,498,1.68,4.299999,318.48,25.25,1004.71
2017-06-30 12:44:04 UTC,499,3.9,7.25,323.04,25.25,1004.765
2017-06-30 12:44:24 UTC,500,2.9,7.25,318.88,25.3125,1004.793
2017-06-30 12:44:45 UTC,501,1.68,4.299999,323.68,25.25,1004.725
2017-06-30 12:45:05 UTC,502,1.68,4.299999,319.84,25.25,1004.73
2017-06-30 12:45:25 UTC,503,1.68,5.299999,322.72,25.3125,1004.753
2017-06-30 12:45:45 UTC,504,3.9,7.25,322.4,25.3125,1004.705
2017-06-30 12:46:05 UTC,505,3.9,7.25,320.48,25.3125,1004.678
2017-06-30 12:46:25 UTC,506,3.9,7.25,319.2,25.3125,1004.732
2017-06-30 12:46:45 UTC,507,1.68,4.299999,321.12,25.25,1004.692
2017-06-30 12:47:05 UTC,508,3.9,7.25,321.44,25.125,1004.688
2017-06-30 12:47:25 UTC,509,1.68,5.299999,322.08,25.0625,1004.653
2017-06-30 12:47:45 UTC,510,2.9,6.25,320.48,25.125,1004.692
2017-06-30 12:48:05 UTC,511,1.68,4.299999,323.36,25.125,1004.65
2017-06-30 12:48:25 UTC,512,2.68,5.299999,326.24,25.125,1004.65
2017-06-30 12:48:45 UTC,513,2.68,5.299999,325.92,25.125,1004.618
2017-06-30 12:49:05 UTC,514,2.68,5.299999,328.8,25.125,1004.682
2017-06-30 12:49:31 UTC,515,2.68,5.299999,327.2,25.125,1004.645
2017-06-30 12:49:47 UTC,516,2.68,5.299999,326.88,25.0625,1004.632
2017-06-30 12:50:05 UTC,517,3.9,8.25,322.08,25.0,1004.63
2017-06-30 12:50:25 UTC,518,3.9,7.25,326.24,25.0,1004.615
2017-06-30 12:50:45 UTC,519,2.68,5.299999,324.96,25.0625,1004.62
2017-06-30 12:51:05 UTC,520,2.68,5.299999,324.32,25.125,1004.64
2017-06-30 12:51:25 UTC,521,4.9,8.25,324.32,25.125,1004.593
2017-06-30 12:51:46 UTC,522,2.68,5.299999,320.48,25.125,1004.61
2017-06-30 12:52:06 UTC,523,3.9,7.25,325.92,25.25,1004.662
2017-06-30 12:52:26 UTC,524,2.68,5.299999,329.76,25.25,1004.638
2017-06-30 12:52:47 UTC,525,3.9,8.25,323.36,25.25,1004.628
2017-06-30 12:53:06 UTC,526,3.9,8.25,323.36,25.1875,1004.62
2017-06-30 12:53:26 UTC,527,2.68,5.299999,327.52,25.25,1004.622
2017-06-30 12:53:46 UTC,528,2.68,5.299999,323.04,25.25,1004.698
2017-06-30 12:54:06 UTC,529,2.68,5.299999,327.52,25.25,1004.635
2017-06-30 12:54:26 UTC,530,1.68,5.299999,321.76,25.25,1004.65
2017-06-30 12:54:46 UTC,531,3.9,7.25,321.76,25.1875,1004.662
2017-06-30 12:55:08 UTC,532,2.68,5.299999,320.16,25.1875,1004.642
2017-06-30 12:55:26 UTC,533,2.68,5.299999,323.68,25.25,1004.68
2017-06-30 12:55:46 UTC,534,2.68,5.299999,328.8,25.25,1004.618
2017-06-30 12:56:06 UTC,535,3.9,8.25,328.8,25.25,1004.62
2017-06-30 12:56:26 UTC,536,2.68,5.299999,322.4,25.25,1004.655
2017-06-30 12:56:46 UTC,537,2.68,5.299999,325.28,25.3125,1004.668
2017-06-30 12:57:06 UTC,538,4.9,8.25,326.56,25.3125,1004.708
2017-06-30 12:57:26 UTC,539,3.9,8.25,328.16,25.3125,1004.715
2017-06-30 12:57:46 UTC,540,3.9,7.25,326.24,25.3125,1004.7
2017-06-30 12:58:06 UTC,541,3.9,7.25,314.0,25.375,1004.72
2017-06-30 12:58:26 UTC,542,3.9,7.25,324.32,25.375,1004.71
2017-06-30 12:58:46 UTC,543,3.9,7.25,317.92,25.375,1004.685
2017-06-30 12:59:06 UTC,544,3.9,7.25,321.76,25.4375,1004.773
2017-06-30 12:59:29 UTC,545,1.68,4.299999,323.04,25.375,1004.73
2017-06-30 12:59:47 UTC,546,1.68,4.299999,316.32,25.375,1004.702
2017-06-30 13:00:07 UTC,547,3.9,7.25,317.6,25.375,1004.685
2017-06-30 13:00:27 UTC,548,3.9,7.25,316.0,25.375,1004.692
2017-06-30 13:00:47 UTC,549,1.68,4.299999,320.16,25.375,1004.725
2017-06-30 13:01:07 UTC,550,1.68,4.299999,318.56,25.375,1004.682
2017-06-30 13:01:27 UTC,551,1.68,5.299999,319.52,25.3125,1004.682
2017-06-30 13:01:47 UTC,552,3.9,7.25,316.88,25.3125,1004.7
2017-06-30 13:02:07 UTC,553,3.9,7.25,321.76,25.3125,1004.715
2017-06-30 13:02:27 UTC,554,3.9,7.25,316.96,25.3125,1004.688
2017-06-30 13:02:47 UTC,555,2.9,6.25,321.76,25.3125,1004.727
2017-06-30 13:03:07 UTC,556,3.9,7.25,315.6,25.375,1004.773
2017-06-30 13:03:27 UTC,557,3.9,7.25,314.0,25.3125,1004.718
2017-06-30 13:03:47 UTC,558,1.68,4.299999,312.08,25.3125,1004.727
2017-06-30 13:04:08 UTC,559,3.9,7.25,320.16,25.3125,1004.74
2017-06-30 13:04:27 UTC,560,3.9,7.25,320.48,25.3125,1004.7
2017-06-30 13:04:47 UTC,561,3.9,7.25,315.6,25.25,1004.698
2017-06-30 13:05:09 UTC,562,2.9,6.25,317.28,25.25,1004.662
2017-06-30 13:05:27 UTC,563,3.9,7.25,320.8,25.25,1004.675
2017-06-30 13:05:55 UTC,564,2.9,6.25,309.52,25.1875,1004.648
2017-06-30 13:06:17 UTC,565,1.68,4.299999,312.4,25.25,1004.69
2017-06-30 13:06:38 UTC,566,1.68,4.299999,316.32,25.25,1004.69
2017-06-30 13:06:58 UTC,567,3.9,7.25,317.52,25.25,1004.658
2017-06-30 13:07:23 UTC,568,3.9,7.25,317.84,25.3125,1004.662
2017-06-30 13:07:38 UTC,569,1.68,4.299999,319.2,25.3125,1004.708
2017-06-30 13:07:58 UTC,570,3.9,6.25,318.24,25.3125,1004.7
2017-06-30 13:08:18 UTC,571,1.68,4.299999,315.68,25.3125,1004.65
2017-06-30 13:08:38 UTC,572,3.9,7.25,316.88,25.3125,1004.688
2017-06-30 13:08:58 UTC,573,3.9,7.25,313.36,25.3125,1004.675
2017-06-30 13:09:18 UTC,574,1.68,4.299999,319.52,25.3125,1004.698
2017-06-30 13:09:38 UTC,575,3.9,7.25,317.2,25.3125,1004.705
2017-06-30 13:09:58 UTC,576,3.9,7.25,319.52,25.3125,1004.69
2017-06-30 13:10:18 UTC,577,2.9,6.25,316.32,25.25,1004.668
2017-06-30 13:10:38 UTC,578,2.9,7.25,320.16,25.25,1004.688
2017-06-30 13:10:54 UTC,579,3.12,5.2,266.16,25.25,1004.72
2017-06-30 13:11:18 UTC,580,2.9,6.25,317.92,25.25,1004.648
2017-06-30 13:11:34 UTC,581,1.68,4.299999,313.36,25.25,1004.727
2017-06-30 13:11:50 UTC,582,1.68,4.299999,312.08,25.3125,1004.678
2017-06-30 13:12:09 UTC,583,2.9,6.25,314.32,25.3125,1004.69
2017-06-30 13:12:28 UTC,584,2.9,6.25,317.84,25.3125,1004.715
2017-06-30 13:12:48 UTC,585,3.9,6.25,319.84,25.3125,1004.732
2017-06-30 13:13:08 UTC,586,3.9,6.25,316.24,25.3125,1004.705
2017-06-30 13:13:28 UTC,587,2.9,6.25,314.32,25.3125,1004.732
2017-06-30 13:13:48 UTC,588,2.9,6.25,317.28,25.3125,1004.755
2017-06-30 13:14:09 UTC,589,1.9,4.25,301.2,25.375,1004.77
2017-06-30 13:14:29 UTC,590,3.9,7.25,321.12,25.3125,1004.74
2017-06-30 13:14:49 UTC,591,2.9,6.25,320.08,25.3125,1004.727
2017-06-30 13:15:09 UTC,592,3.9,7.25,321.76,25.3125,1004.735
2017-06-30 13:15:29 UTC,593,2.9,6.25,317.92,25.3125,1004.73
2017-06-30 13:15:49 UTC,594,2.9,6.25,322.08,25.3125,1004.682
2017-06-30 13:16:09 UTC,595,2.9,7.25,320.08,25.3125,1004.712
2017-06-30 13:16:29 UTC,596,2.9,6.25,314.0,25.3125,1004.653
2017-06-30 13:16:54 UTC,597,3.9,7.25,311.44,25.3125,1004.635
2017-06-30 13:17:09 UTC,598,2.9,6.25,316.96,25.25,1004.64
2017-06-30 13:17:29 UTC,599,2.9,6.25,319.44,25.25,1004.622
2017-06-30 13:17:49 UTC,600,2.9,6.25,317.84,25.1875,1004.598
2017-06-30 13:18:09 UTC,601,2.9,6.25,313.68,25.25,1004.635
2017-06-30 13:18:30 UTC,602,2.9,5.25,313.36,25.25,1004.668
2017-06-30 13:18:49 UTC,603,2.9,6.25,314.96,25.25,1004.662
2017-06-30 13:19:09 UTC,604,2.9,6.25,314.96,25.3125,1004.705
2017-06-30 13:19:29 UTC,605,2.9,6.25,313.68,25.3125,1004.675
2017-06-30 13:19:49 UTC,606,2.9,5.25,314.0,25.3125,1004.648
2017-06-30 13:20:09 UTC,607,1.9,5.25,315.92,25.3125,1004.602
2017-06-30 13:20:29 UTC,608,1.68,4.299999,312.4,25.25,1004.61
2017-06-30 13:20:49 UTC,609,2.9,6.25,316.56,25.1875,1004.583
2017-06-30 13:21:09 UTC,610,2.9,6.25,316.88,25.25,1004.672
2017-06-30 13:21:30 UTC,611,2.9,6.25,317.2,25.25,1004.655
2017-06-30 13:21:50 UTC,612,2.9,6.25,319.12,25.25,1004.622
2017-06-30 13:22:10 UTC,613,1.9,5.25,311.44,25.25,1004.7
2017-06-30 13:22:30 UTC,614,2.9,5.25,314.32,25.3125,1004.7
2017-06-30 13:22:50 UTC,615,1.9,5.25,314.64,25.3125,1004.698
2017-06-30 13:23:10 UTC,616,2.9,6.25,314.32,25.3125,1004.698
2017-06-30 13:23:30 UTC,617,1.9,5.25,314.96,25.3125,1004.71
2017-06-30 13:23:50 UTC,618,1.9,5.25,314.96,25.3125,1004.712
2017-06-30 13:24:11 UTC,619,2.9,6.25,318.16,25.3125,1004.682
2017-06-30 13:24:30 UTC,620,1.9,5.25,316.56,25.3125,1004.672
2017-06-30 13:24:50 UTC,621,2.9,5.25,314.96,25.3125,1004.71
2017-06-30 13:25:10 UTC,622,1.9,5.25,315.6,25.3125,1004.698
2017-06-30 13:25:30 UTC,623,2.9,5.25,316.24,25.3125,1004.688
2017-06-30 13:25:50 UTC,624,1.9,5.25,313.68,25.3125,1004.688
2017-06-30 13:26:10 UTC,625,2.9,6.25,315.92,25.375,1004.718
2017-06-30 13:26:30 UTC,626,1.9,5.25,313.36,25.3125,1004.69
2017-06-30 13:26:50 UTC,627,2.9,5.25,314.0,25.3125,1004.678
2017-06-30 13:27:10 UTC,628,2.9,6.25,314.0,25.3125,1004.7
2017-06-30 13:27:30 UTC,629,1.9,5.25,317.2,25.3125,1004.732
2017-06-30 13:27:50 UTC,630,2.9,5.25,314.0,25.3125,1004.708
2017-06-30 13:28:10 UTC,631,2.9,6.25,315.92,25.3125,1004.708
2017-06-30 13:28:30 UTC,632,2.9,6.25,314.64,25.375,1004.75
2017-06-30 13:28:51 UTC,633,2.9,5.25,321.04,25.375,1004.727
2017-06-30 13:29:13 UTC,634,0.6800003,3.299999,317.84,25.375,1004.732
2017-06-30 13:29:31 UTC,635,2.9,6.25,315.28,25.375,1004.732
2017-06-30 13:29:51 UTC,636,2.9,6.25,316.88,25.3125,1004.678
2017-06-30 13:30:16 UTC,637,2.9,6.25,317.2,25.3125,1004.688
2017-06-30 13:30:31 UTC,638,2.9,6.25,313.36,25.3125,1004.682
2017-06-30 13:30:51 UTC,639,2.9,6.25,311.76,25.25,1004.618
2017-06-30 13:31:11 UTC,640,2.9,6.25,319.76,25.25,1004.688
2017-06-30 13:31:31 UTC,641,2.9,6.25,319.52,25.25,1004.635
2017-06-30 13:31:51 UTC,642,2.9,6.25,318.48,25.25,1004.66
2017-06-30 13:32:11 UTC,643,2.9,6.25,313.68,25.25,1004.61
2017-06-30 13:32:31 UTC,644,2.9,6.25,319.12,25.25,1004.645
2017-06-30 13:32:51 UTC,645,2.9,6.25,315.92,25.25,1004.605
2017-06-30 13:33:11 UTC,646,2.9,5.25,311.76,25.1875,1004.55
2017-06-30 13:33:31 UTC,647,2.9,5.25,319.12,25.25,1004.588
2017-06-30 13:33:52 UTC,648,2.9,5.25,314.32,25.25,1004.573
2017-06-30 13:34:11 UTC,649,2.9,6.25,316.24,25.1875,1004.51
2017-06-30 13:34:31 UTC,650,2.9,5.25,314.0,25.1875,1004.517
2017-06-30 13:34:46 UTC,651,2.9,5.25,312.72,25.1875,1004.515
2017-06-30 13:35:03 UTC,652,1.9,5.25,315.6,25.1875,1004.5
2017-06-30 13:35:21 UTC,653,2.9,6.25,312.08,25.25,1004.51
2017-06-30 13:35:41 UTC,654,1.9,5.25,313.04,25.1875,1004.43
2017-06-30 13:36:01 UTC,655,2.9,5.25,313.36,25.25,1004.493
2017-06-30 13:36:22 UTC,656,0.6800003,3.299999,316.56,25.3125,1004.52
2017-06-30 13:36:42 UTC,657,2.9,6.25,317.84,25.25,1004.433
2017-06-30 13:37:02 UTC,658,2.9,6.25,315.28,25.3125,1004.507
2017-06-30 13:37:23 UTC,659,2.9,6.25,316.24,25.3125,1004.47
2017-06-30 13:37:42 UTC,660,2.9,6.25,318.48,25.3125,1004.455
2017-06-30 13:38:02 UTC,661,2.9,6.25,318.16,25.3125,1004.423
2017-06-30 13:38:22 UTC,662,2.9,6.25,313.04,25.3125,1004.505
2017-06-30 13:38:42 UTC,663,2.9,6.25,314.64,25.3125,1004.47
2017-06-30 13:39:02 UTC,664,1.9,5.25,318.16,25.375,1004.47
2017-06-30 13:39:22 UTC,665,0.6800003,3.299999,314.32,25.375,1004.49
2017-06-30 13:39:42 UTC,666,2.9,6.25,308.56,25.3125,1004.437
2017-06-30 13:40:04 UTC,667,2.9,6.25,309.2,25.3125,1004.39
2017-06-30 13:40:22 UTC,668,2.9,5.25,314.32,25.3125,1004.36
2017-06-30 13:40:42 UTC,669,2.9,6.25,315.6,25.3125,1004.393
2017-06-30 13:41:02 UTC,670,1.9,5.25,305.04,25.25,1004.313
2017-06-30 13:41:24 UTC,671,2.9,6.25,318.16,25.25,1004.335
2017-06-30 13:41:42 UTC,672,2.9,5.25,316.24,25.1875,1004.31
2017-06-30 13:42:02 UTC,673,2.9,6.25,311.76,25.1875,1004.31
2017-06-30 13:42:22 UTC,674,1.9,4.25,308.24,25.25,1004.32
2017-06-30 13:42:42 UTC,675,1.9,5.25,305.6,25.25,1004.36
2017-06-30 13:43:03 UTC,676,1.9,5.25,305.68,25.25,1004.352
2017-06-30 13:43:22 UTC,677,2.9,6.25,315.6,25.25,1004.345
2017-06-30 13:43:43 UTC,678,2.9,6.25,316.56,25.1875,1004.338
2017-06-30 13:44:03 UTC,679,2.9,6.25,318.48,25.25,1004.38
2017-06-30 13:44:23 UTC,680,2.9,6.25,319.44,25.25,1004.362
2017-06-30 13:44:43 UTC,681,2.9,5.25,313.36,25.25,1004.405
2017-06-30 13:45:03 UTC,682,2.9,6.25,310.16,25.3125,1004.42
2017-06-30 13:45:23 UTC,683,2.9,5.25,309.2,25.3125,1004.487
2017-06-30 13:45:43 UTC,684,2.9,6.25,313.36,25.25,1004.487
2017-06-30 13:46:03 UTC,685,0.6800003,3.299999,313.04,25.25,1004.475
2017-06-30 13:46:23 UTC,686,2.9,5.25,316.24,25.3125,1004.513
2017-06-30 13:46:43 UTC,687,2.9,6.25,314.0,25.3125,1004.472
2017-06-30 13:47:03 UTC,688,2.9,6.25,316.56,25.3125,1004.515
2017-06-30 13:47:23 UTC,689,2.9,6.25,320.48,25.3125,1004.507
2017-06-30 13:47:43 UTC,690,2.9,6.25,313.68,25.3125,1004.547
2017-06-30 13:48:03 UTC,691,0.6800003,3.299999,318.48,25.3125,1004.55
2017-06-30 13:48:23 UTC,692,2.9,6.25,313.68,25.375,1004.565
2017-06-30 13:48:43 UTC,693,2.9,6.25,318.24,25.375,1004.513
2017-06-30 13:49:05 UTC,694,2.9,6.25,312.4,25.3125,1004.497
2017-06-30 13:49:23 UTC,695,2.9,5.25,312.72,25.375,1004.545
2017-06-30 13:49:43 UTC,696,2.9,6.25,315.28,25.375,1004.602
2017-06-30 13:50:03 UTC,697,2.9,5.25,320.08,25.375,1004.583
2017-06-30 13:50:26 UTC,698,2.9,5.25,320.08,25.375,1004.57
2017-06-30 13:50:43 UTC,699,2.9,6.25,315.92,25.375,1004.585
2017-06-30 13:51:04 UTC,700,1.9,5.25,308.24,25.375,1004.595
2017-06-30 13:51:24 UTC,701,2.9,5.25,307.6,25.375,1004.58
2017-06-30 13:51:44 UTC,702,2.9,5.25,307.28,25.4375,1004.648
2017-06-30 13:52:04 UTC,703,2.9,6.25,313.04,25.4375,1004.588
2017-06-30 13:52:24 UTC,704,1.9,5.25,307.6,25.4375,1004.602
2017-06-30 13:52:44 UTC,705,2.9,5.25,309.2,25.375,1004.625
2017-06-30 13:53:04 UTC,706,1.9,5.25,309.84,25.375,1004.595
2017-06-30 13:53:24 UTC,707,2.9,6.25,309.84,25.375,1004.545
2017-06-30 13:53:44 UTC,708,2.9,5.25,313.04,25.375,1004.49
2017-06-30 13:54:04 UTC,709,2.9,6.25,319.12,25.4375,1004.532
2017-06-30 13:54:24 UTC,710,2.9,6.25,318.16,25.4375,1004.573
2017-06-30 13:54:44 UTC,711,2.9,6.25,315.28,25.4375,1004.537
2017-06-30 13:55:04 UTC,712,2.9,6.25,316.88,25.4375,1004.495
2017-06-30 13:55:24 UTC,713,2.9,6.25,319.76,25.4375,1004.517
2017-06-30 13:55:44 UTC,714,2.9,6.25,315.6,25.4375,1004.495
2017-06-30 13:56:04 UTC,715,2.9,6.25,319.84,25.375,1004.465
2017-06-30 13:56:24 UTC,716,3.9,7.25,318.16,25.375,1004.457
2017-06-30 13:56:44 UTC,717,3.9,6.25,316.24,25.375,1004.495
2017-06-30 13:57:04 UTC,718,2.9,6.25,318.8,25.375,1004.535
2017-06-30 13:57:24 UTC,719,2.9,6.25,320.16,25.375,1004.54
2017-06-30 13:57:44 UTC,720,2.9,6.25,316.88,25.375,1004.547
2017-06-30 13:58:04 UTC,721,3.9,7.25,315.28,25.375,1004.593
2017-06-30 13:58:25 UTC,722,1.68,4.299999,321.76,25.375,1004.635
2017-06-30 13:58:45 UTC,723,2.9,6.25,318.48,25.375,1004.638
2017-06-30 13:59:05 UTC,724,2.9,6.25,320.08,25.375,1004.67
2017-06-30 13:59:25 UTC,725,0.6800003,4.299999,316.24,25.3125,1004.64
2017-06-30 13:59:45 UTC,726,2.9,6.25,319.52,25.3125,1004.682
2017-06-30 14:00:05 UTC,727,2.9,6.25,318.8,25.375,1004.702
2017-06-30 14:00:25 UTC,728,3.9,6.25,317.84,25.375,1004.748
2017-06-30 14:00:45 UTC,729,1.68,4.299999,319.84,25.375,1004.775
2017-06-30 14:01:05 UTC,730,2.9,6.25,316.56,25.375,1004.732
2017-06-30 14:01:25 UTC,731,2.9,6.25,315.6,25.375,1004.748
2017-06-30 14:01:45 UTC,732,3.9,7.25,318.8,25.375,1004.69
2017-06-30 14:02:05 UTC,733,2.9,6.25,315.6,25.3125,1004.672
2017-06-30 14:02:25 UTC,734,2.9,6.25,313.68,25.3125,1004.682
2017-06-30 14:02:45 UTC,735,2.9,6.25,318.48,25.25,1004.66
2017-06-30 14:03:05 UTC,736,2.9,6.25,313.68,25.3125,1004.708
2017-06-30 14:03:25 UTC,737,2.9,6.25,312.4,25.3125,1004.737
2017-06-30 14:03:45 UTC,738,2.9,6.25,317.2,25.3125,1004.658
2017-06-30 14:04:05 UTC,739,1.9,4.25,306.0,25.3125,1004.76
2017-06-30 14:04:25 UTC,740,1.68,4.299999,317.84,25.25,1004.745
2017-06-30 14:04:45 UTC,741,2.9,6.25,319.12,25.25,1004.79
2017-06-30 14:05:05 UTC,742,2.9,6.25,315.6,25.25,1004.773
2017-06-30 14:05:26 UTC,743,2.9,5.25,310.8,25.25,1004.833
2017-06-30 14:05:46 UTC,744,3.9,7.25,321.76,25.25,1004.825
2017-06-30 14:06:10 UTC,745,3.9,7.25,318.88,25.3125,1004.81
2017-06-30 14:06:26 UTC,746,3.9,7.25,320.48,25.3125,1004.83
2017-06-30 14:06:46 UTC,747,1.68,4.299999,320.08,25.3125,1004.887
2017-06-30 14:07:06 UTC,748,3.9,7.25,323.36,25.25,1004.88
2017-06-30 14:07:26 UTC,749,3.9,7.25,321.44,25.25,1004.84
2017-06-30 14:07:46 UTC,750,3.9,7.25,324.64,25.25,1004.873
2017-06-30 14:08:06 UTC,751,3.9,7.25,322.4,25.25,1004.867
2017-06-30 14:08:26 UTC,752,1.68,4.299999,323.68,25.25,1004.902
2017-06-30 14:08:46 UTC,753,3.9,7.25,322.72,25.25,1004.877
2017-06-30 14:09:06 UTC,754,3.9,7.25,326.24,25.25,1004.923
2017-06-30 14:09:26 UTC,755,1.68,4.299999,324.0,25.25,1004.912
2017-06-30 14:09:46 UTC,756,2.9,6.25,320.16,25.1875,1004.92
2017-06-30 14:10:06 UTC,757,3.9,7.25,324.0,25.25,1004.928
2017-06-30 14:10:26 UTC,758,3.9,7.25,321.12,25.25,1004.897
2017-06-30 14:10:47 UTC,759,3.9,7.25,320.48,25.1875,1004.887
2017-06-30 14:11:06 UTC,760,3.9,7.25,322.72,25.1875,1004.885
2017-06-30 14:11:26 UTC,761,3.9,7.25,319.84,25.1875,1004.867
2017-06-30 14:11:46 UTC,762,1.68,4.299999,320.48,25.1875,1004.893
2017-06-30 14:12:06 UTC,763,3.9,7.25,318.24,25.1875,1004.847
2017-06-30 14:12:26 UTC,764,1.68,4.299999,320.8,25.1875,1004.83
2017-06-30 14:12:46 UTC,765,1.68,4.299999,318.24,25.25,1004.853
2017-06-30 14:13:07 UTC,766,2.9,6.25,313.36,25.1875,1004.843
2017-06-30 14:13:27 UTC,767,2.9,6.25,313.04,25.125,1004.85
2017-06-30 14:13:47 UTC,768,2.9,6.25,314.0,25.125,1004.85
2017-06-30 14:14:07 UTC,769,3.9,7.25,317.2,25.125,1004.82
2017-06-30 14:14:27 UTC,770,3.9,7.25,320.16,25.0625,1004.8
2017-06-30 14:14:47 UTC,771,3.9,7.25,324.96,25.0625,1004.783
2017-06-30 14:15:07 UTC,772,2.9,6.25,319.84,25.0,1004.815
2017-06-30 14:15:27 UTC,773,2.9,6.25,320.48,25.0,1004.787
2017-06-30 14:15:47 UTC,774,1.9,5.25,314.64,25.0,1004.805
2017-06-30 14:16:07 UTC,775,2.9,6.25,321.76,24.9375,1004.79
2017-06-30 14:16:27 UTC,776,2.9,5.25,324.0,24.9375,1004.778
2017-06-30 14:16:47 UTC,777,2.9,6.25,319.12,24.9375,1004.793
2017-06-30 14:17:07 UTC,778,2.9,6.25,317.2,24.9375,1004.795
2017-06-30 14:17:27 UTC,779,2.9,6.25,321.44,24.9375,1004.805
2017-06-30 14:17:47 UTC,780,2.9,6.25,320.72,24.9375,1004.843
2017-06-30 14:18:08 UTC,781,2.9,6.25,323.68,24.9375,1004.83
2017-06-30 14:18:27 UTC,782,2.9,6.25,324.0,25.0,1004.89
2017-06-30 14:18:47 UTC,783,2.9,6.25,322.08,25.0,1004.873
2017-06-30 14:19:08 UTC,784,2.9,6.25,324.0,24.9375,1004.825
2017-06-30 14:19:27 UTC,785,3.9,7.25,323.36,24.875,1004.817
2017-06-30 14:19:47 UTC,786,2.9,6.25,320.72,24.9375,1004.83
2017-06-30 14:20:08 UTC,787,2.9,6.25,318.8,24.9375,1004.83
2017-06-30 14:20:28 UTC,788,2.9,6.25,323.68,24.9375,1004.865
2017-06-30 14:20:48 UTC,789,2.9,6.25,319.52,25.0,1004.86
2017-06-30 14:21:08 UTC,790,3.9,7.25,323.68,24.9375,1004.787
2017-06-30 14:21:28 UTC,791,2.9,6.25,323.04,25.0,1004.817
2017-06-30 14:21:48 UTC,792,2.9,6.25,323.04,25.0,1004.845
2017-06-30 14:22:08 UTC,793,2.9,7.25,321.12,25.0,1004.86
2017-06-30 14:22:28 UTC,794,2.9,6.25,324.32,25.0625,1004.873
2017-06-30 14:22:48 UTC,795,2.9,6.25,325.28,25.0625,1004.885
2017-06-30 14:23:08 UTC,796,2.9,6.25,318.8,25.0625,1004.897
2017-06-30 14:23:28 UTC,797,2.9,6.25,325.92,25.0625,1004.857
2017-06-30 14:23:48 UTC,798,1.68,4.299999,327.2,25.0,1004.81
2017-06-30 14:24:08 UTC,799,2.9,6.25,323.68,24.9375,1004.825
2017-06-30 14:24:28 UTC,800,2.9,6.25,321.36,24.9375,1004.78
2017-06-30 14:24:48 UTC,801,2.9,6.25,324.64,24.9375,1004.748
2017-06-30 14:25:08 UTC,802,2.9,6.25,320.16,24.9375,1004.822
2017-06-30 14:25:28 UTC,803,2.9,7.25,320.4,24.9375,1004.768
2017-06-30 14:25:48 UTC,804,2.9,6.25,319.76,24.9375,1004.75
2017-06-30 14:26:10 UTC,805,2.9,6.25,319.44,24.9375,1004.737
2017-06-30 14:26:28 UTC,806,2.9,6.25,314.96,24.9375,1004.722
2017-06-30 14:26:48 UTC,807,2.9,6.25,322.08,24.9375,1004.708
2017-06-30 14:27:08 UTC,808,2.9,6.25,324.32,24.9375,1004.715
2017-06-30 14:27:28 UTC,809,3.9,6.25,318.48,24.9375,1004.712
2017-06-30 14:27:49 UTC,810,2.9,6.25,325.28,24.9375,1004.727
2017-06-30 14:28:09 UTC,811,2.9,6.25,324.64,24.9375,1004.727
2017-06-30 14:28:30 UTC,812,2.9,6.25,316.24,24.9375,1004.702
2017-06-30 14:28:49 UTC,813,2.9,6.25,316.24,24.9375,1004.743
2017-06-30 14:29:09 UTC,814,2.9,5.25,316.88,24.9375,1004.783
2017-06-30 14:29:29 UTC,815,2.9,6.25,317.84,25.0,1004.843
2017-06-30 14:29:49 UTC,816,2.9,6.25,318.48,24.9375,1004.833
2017-06-30 14:30:09 UTC,817,2.9,6.25,317.84,25.0,1004.87
2017-06-30 14:30:29 UTC,818,2.9,6.25,321.36,24.9375,1004.877
2017-06-30 14:30:49 UTC,819,2.9,5.25,316.88,24.9375,1004.847
2017-06-30 14:31:09 UTC,820,2.9,5.25,319.76,24.9375,1004.875
2017-06-30 14:31:29 UTC,821,2.9,5.25,318.16,24.9375,1004.877
2017-06-30 14:31:49 UTC,822,2.9,6.25,316.88,24.9375,1004.895
2017-06-30 14:32:09 UTC,823,2.9,6.25,318.48,24.9375,1004.885
2017-06-30 14:32:24 UTC,824,2.9,6.25,315.28,24.9375,1004.923
2017-06-30 14:32:39 UTC,825,2.9,6.25,312.4,25.0,1004.948
2017-06-30 14:32:59 UTC,826,3.12,6.2,272.56,25.0,1004.968
2017-06-30 14:33:19 UTC,827,2.9,5.25,312.08,25.0625,1005.005
2017-06-30 14:33:39 UTC,828,2.9,6.25,317.2,25.0625,1004.972
2017-06-30 14:34:01 UTC,829,2.9,6.25,313.04,25.0625,1004.982
2017-06-30 14:34:21 UTC,830,2.9,6.25,320.72,25.0625,1005.02
2017-06-30 14:34:39 UTC,831,1.9,5.25,314.32,25.0625,1005.042
2017-06-30 14:34:59 UTC,832,1.9,5.25,314.32,25.0625,1005.087
2017-06-30 14:35:21 UTC,833,2.9,5.25,317.2,25.0625,1005.062
2017-06-30 14:35:40 UTC,834,2.9,6.25,320.72,25.125,1005.077
2017-06-30 15:10:54 UTC,835,1.9,5.25,314.32,25.25,1005.153
2017-06-30 15:11:14 UTC,836,2.9,6.25,316.56,25.25,1005.14
2017-06-30 15:11:34 UTC,837,2.9,6.25,310.8,25.25,1005.203
2017-06-30 15:11:54 UTC,838,2.9,6.25,314.32,25.25,1005.14
2017-06-30 15:12:14 UTC,839,2.9,6.25,315.6,25.3125,1005.157
2017-06-30 15:12:34 UTC,840,2.9,6.25,313.36,25.25,1005.203
2017-06-30 15:12:54 UTC,841,2.9,5.25,312.4,25.1875,1005.165
2017-06-30 15:13:14 UTC,842,2.9,6.25,312.72,25.1875,1005.128
2017-06-30 15:13:34 UTC,843,2.9,6.25,310.48,25.1875,1005.133
2017-06-30 15:13:54 UTC,844,2.9,5.25,313.04,25.1875,1005.165
2017-06-30 15:14:14 UTC,845,1.9,5.25,311.44,25.1875,1005.15
2017-06-30 15:14:34 UTC,846,2.9,6.25,311.12,25.1875,1005.13
2017-06-30 15:14:54 UTC,847,1.9,5.25,315.6,25.25,1005.162
2017-06-30 15:15:14 UTC,848,2.9,6.25,310.48,25.25,1005.165
2017-06-30 15:15:34 UTC,849,0.6800003,3.299999,312.4,25.3125,1005.172
2017-06-30 15:15:54 UTC,850,2.9,5.25,315.28,25.3125,1005.135
2017-06-30 15:16:14 UTC,851,2.9,5.25,308.88,25.3125,1005.08
2017-06-30 15:16:34 UTC,852,2.9,5.25,312.72,25.3125,1005.04
2017-06-30 15:16:54 UTC,853,1.9,5.25,310.8,25.3125,1005.085
2017-06-30 15:17:14 UTC,854,2.9,5.25,309.52,25.3125,1004.995
2017-06-30 15:17:34 UTC,855,4.34,7.15,232.08,25.25,1005.04
2017-06-30 15:17:55 UTC,856,2.34,5.15,198.64,25.3125,1005.025
2017-06-30 15:18:15 UTC,857,1.9,4.25,292.72,25.3125,1004.923
2017-06-30 15:18:35 UTC,858,2.9,5.25,303.68,25.375,1004.982
2017-06-30 15:18:55 UTC,859,1.9,4.25,296.0,25.375,1004.977
2017-06-30 15:19:15 UTC,860,1.9,5.25,302.4,25.375,1004.977
2017-06-30 15:19:35 UTC,861,2.9,5.25,307.92,25.4375,1005.0
2017-06-30 15:19:55 UTC,862,3.34,6.15,236.16,25.4375,1004.975
2017-06-30 15:20:15 UTC,863,3.12,6.2,292.08,25.4375,1004.992
2017-06-30 15:20:35 UTC,864,0.8999996,3.25,288.56,25.4375,1004.975
2017-06-30 15:20:55 UTC,865,1.9,5.25,304.96,25.5,1005.018
2017-06-30 15:21:15 UTC,866,1.9,5.25,312.08,25.5,1005.04
2017-06-30 15:21:35 UTC,867,1.9,5.25,314.64,25.5,1005.05
2017-06-30 15:21:55 UTC,868,3.12,6.2,241.04,25.5,1005.038
2017-06-30 15:22:15 UTC,869,2.9,6.25,315.28,25.5,1005.08
2017-06-30 15:22:35 UTC,870,1.9,5.25,313.04,25.5,1005.09
2017-06-30 15:22:55 UTC,871,2.9,6.25,311.12,25.5,1005.075
2017-06-30 15:23:15 UTC,872,1.9,5.25,312.08,25.5,1005.09
2017-06-30 15:23:35 UTC,873,2.9,5.25,315.28,25.5,1005.09
2017-06-30 15:23:55 UTC,874,0.6800003,3.299999,314.64,25.5,1005.093
2017-06-30 15:24:15 UTC,875,1.9,5.25,314.0,25.5,1005.118
2017-06-30 15:24:35 UTC,876,2.9,6.25,313.68,25.5,1005.162
2017-06-30 15:24:57 UTC,877,2.9,5.25,311.76,25.5,1005.147
2017-06-30 15:25:17 UTC,878,2.9,5.25,311.12,25.5,1005.225
2017-06-30 15:25:36 UTC,879,1.9,5.25,313.36,25.5,1005.198
2017-06-30 15:25:56 UTC,880,2.9,5.25,311.44,25.5,1005.177
2017-06-30 15:26:16 UTC,881,2.9,5.25,310.48,25.5,1005.155
2017-06-30 15:26:36 UTC,882,1.9,5.25,313.68,25.5,1005.2
2017-06-30 15:26:56 UTC,883,1.9,5.25,313.36,25.5,1005.2
2017-06-30 15:27:16 UTC,884,2.9,5.25,313.04,25.5,1005.198
2017-06-30 15:27:36 UTC,885,1.9,5.25,314.32,25.5,1005.288
2017-06-30 15:27:56 UTC,886,1.9,5.25,307.28,25.4375,1005.25
2017-06-30 15:28:16 UTC,887,1.9,5.25,308.56,25.4375,1005.25
2017-06-30 15:28:36 UTC,888,1.9,5.25,310.48,25.4375,1005.24
2017-06-30 15:28:56 UTC,889,1.9,4.25,311.76,25.375,1005.225
2017-06-30 15:29:16 UTC,890,1.9,4.25,305.92,25.375,1005.245
2017-06-30 15:29:36 UTC,891,1.9,5.25,313.68,25.375,1005.242
2017-06-30 15:29:56 UTC,892,1.9,5.25,314.0,25.3125,1005.268
2017-06-30 15:30:16 UTC,893,1.9,5.25,311.76,25.375,1005.265
2017-06-30 15:30:36 UTC,894,1.9,5.25,316.88,25.3125,1005.203
2017-06-30 15:30:56 UTC,895,2.9,6.25,314.64,25.3125,1005.183
2017-06-30 15:31:16 UTC,896,2.9,6.25,315.6,25.375,1005.185
2017-06-30 15:31:36 UTC,897,2.9,5.25,312.4,25.5,1005.195
2017-06-30 15:31:58 UTC,898,1.9,5.25,312.08,25.4375,1005.17
2017-06-30 15:32:16 UTC,899,1.9,5.25,312.72,25.5,1005.108
2017-06-30 15:32:37 UTC,900,1.9,5.25,316.56,25.4375,1005.137
2017-06-30 15:32:57 UTC,901,2.9,6.25,313.36,25.4375,1005.065
2017-06-30 15:33:17 UTC,902,2.9,5.25,318.16,25.4375,1005.075
2017-06-30 15:33:37 UTC,903,2.9,5.25,315.92,25.4375,1005.04
2017-06-30 15:33:57 UTC,904,2.9,6.25,315.6,25.4375,1005.062
2017-06-30 15:34:17 UTC,905,2.9,6.25,315.6,25.4375,1005.038
2017-06-30 15:34:37 UTC,906,2.9,6.25,314.64,25.4375,1005.047
2017-06-30 15:34:57 UTC,907,2.9,6.25,320.16,25.5,1005.072
2017-06-30 15:35:17 UTC,908,2.9,6.25,317.52,25.5,1005.15
2017-06-30 15:35:37 UTC,909,2.9,6.25,317.52,25.5,1005.13
2017-06-30 15:35:57 UTC,910,2.9,6.25,313.36,25.5,1005.085
2017-06-30 15:36:17 UTC,911,2.9,6.25,315.6,25.5,1005.108
2017-06-30 15:36:37 UTC,912,2.9,6.25,316.24,25.5,1005.157
2017-06-30 15:36:57 UTC,913,2.9,6.25,317.84,25.5625,1005.175
2017-06-30 15:37:17 UTC,914,2.9,5.25,316.24,25.5625,1005.215
2017-06-30 15:37:37 UTC,915,2.9,5.25,312.4,25.5625,1005.2
2017-06-30 15:37:57 UTC,916,2.9,6.25,315.92,25.5625,1005.24
2017-06-30 15:38:17 UTC,917,2.9,5.25,314.64,25.5625,1005.235
2017-06-30 15:38:37 UTC,918,2.9,6.25,318.8,25.5625,1005.237
2017-06-30 15:38:57 UTC,919,0.6800003,3.299999,315.92,25.5625,1005.19
2017-06-30 15:39:17 UTC,920,0.6800003,3.299999,314.64,25.5,1005.14
2017-06-30 15:39:37 UTC,921,2.9,6.25,313.36,25.5,1005.14
2017-06-30 15:39:58 UTC,922,2.9,5.25,317.2,25.5,1005.167
2017-06-30 15:40:18 UTC,923,1.9,5.25,315.6,25.5,1005.162
2017-06-30 15:40:38 UTC,924,2.9,6.25,314.96,25.5625,1005.147
2017-06-30 15:41:00 UTC,925,2.9,6.25,311.12,25.5,1005.137
2017-06-30 15:41:18 UTC,926,2.9,6.25,314.96,25.5,1005.12
2017-06-30 15:41:38 UTC,927,2.9,5.25,310.48,25.5,1005.147
2017-06-30 15:41:58 UTC,928,2.9,5.25,312.72,25.5625,1005.145
2017-06-30 15:42:18 UTC,929,1.9,5.25,318.48,25.5625,1005.175
2017-06-30 15:42:38 UTC,930,2.9,6.25,313.68,25.5625,1005.15
2017-06-30 15:42:58 UTC,931,1.9,5.25,315.92,25.5625,1005.13
2017-06-30 15:43:18 UTC,932,1.9,5.25,312.08,25.5625,1005.208
2017-06-30 15:43:38 UTC,933,2.9,5.25,312.08,25.625,1005.205
2017-06-30 15:43:58 UTC,934,2.9,6.25,313.68,25.625,1005.123
2017-06-30 15:44:18 UTC,935,2.9,5.25,314.32,25.625,1005.145
2017-06-30 15:44:38 UTC,936,2.9,5.25,313.68,25.5625,1005.145
2017-06-30 15:44:58 UTC,937,2.9,5.25,318.16,25.5,1005.108
2017-06-30 15:45:18 UTC,938,2.9,5.25,314.32,25.5,1005.143
2017-06-30 15:45:40 UTC,939,2.9,5.25,312.72,25.5,1005.075
2017-06-30 15:45:58 UTC,940,2.9,5.25,315.6,25.5625,1005.128
2017-06-30 15:46:18 UTC,941,2.9,5.25,317.2,25.5625,1005.135
2017-06-30 15:46:38 UTC,942,1.9,5.25,315.6,25.5,1005.093
2017-06-30 15:46:58 UTC,943,0.6800003,3.299999,312.4,25.5,1005.082
2017-06-30 15:47:19 UTC,944,1.9,5.25,314.96,25.5,1005.057
2017-06-30 15:47:39 UTC,945,1.9,5.25,313.68,25.4375,1005.05
2017-06-30 15:47:59 UTC,946,2.9,5.25,315.6,25.4375,1005.03
2017-06-30 15:48:19 UTC,947,1.9,5.25,311.12,25.4375,1005.042
2017-06-30 15:48:39 UTC,948,2.9,5.25,311.44,25.5,1005.072
2017-06-30 15:48:59 UTC,949,0.6800003,3.299999,312.08,25.5625,1005.065
2017-06-30 15:49:19 UTC,950,1.9,5.25,314.96,25.5625,1005.065
2017-06-30 15:49:39 UTC,951,2.9,5.25,310.8,25.5625,1005.065
2017-06-30 15:49:59 UTC,952,2.9,5.25,309.2,25.5625,1005.115
2017-06-30 15:50:19 UTC,953,1.9,5.25,312.72,25.5625,1005.075
2017-06-30 15:50:39 UTC,954,2.9,6.25,314.32,25.5625,1005.072
2017-06-30 15:50:59 UTC,955,1.9,5.25,304.32,25.5625,1005.072
2017-06-30 15:51:19 UTC,956,1.9,5.25,305.28,25.5625,1005.09
2017-06-30 15:51:39 UTC,957,1.9,4.25,309.84,25.5625,1005.045
2017-06-30 15:51:59 UTC,958,1.9,5.25,309.52,25.5,1005.018
2017-06-30 15:52:19 UTC,959,2.9,5.25,304.32,25.5,1004.985
2017-06-30 15:52:39 UTC,960,1.9,5.25,306.96,25.5,1005.018
2017-06-30 15:52:59 UTC,961,1.9,4.25,302.08,25.5,1005.03
2017-06-30 15:53:19 UTC,962,1.9,4.25,305.36,25.5,1005.04
2017-06-30 15:53:39 UTC,963,1.9,5.25,313.36,25.5,1004.985
2017-06-30 15:53:59 UTC,964,2.9,6.25,306.64,25.5,1005.025
2017-06-30 15:54:19 UTC,965,1.9,5.25,308.88,25.5625,1005.005
2017-06-30 15:54:39 UTC,966,2.9,5.25,306.64,25.5,1004.94
2017-06-30 15:55:00 UTC,967,1.9,5.25,314.0,25.5,1004.945
2017-06-30 15:55:20 UTC,968,2.9,5.25,314.32,25.5,1004.953
2017-06-30 15:55:40 UTC,969,1.9,5.25,310.8,25.5,1004.89
2017-06-30 15:56:00 UTC,970,2.12,5.2,241.44,25.5,1004.915
2017-06-30 15:56:20 UTC,971,1.9,4.25,309.2,25.4375,1004.897
2017-06-30 15:56:40 UTC,972,2.9,5.25,312.4,25.5,1004.902
2017-06-30 15:57:00 UTC,973,1.9,5.25,309.52,25.5,1004.923
2017-06-30 15:57:20 UTC,974,2.9,5.25,313.68,25.4375,1004.89
2017-06-30 15:57:40 UTC,975,2.9,5.25,310.8,25.4375,1004.857
2017-06-30 15:58:00 UTC,976,2.9,6.25,311.12,25.375,1004.845
2017-06-30 15:58:20 UTC,977,2.9,5.25,312.4,25.4375,1004.843
2017-06-30 15:58:40 UTC,978,2.9,5.25,311.44,25.4375,1004.905
2017-06-30 15:59:00 UTC,979,1.9,5.25,312.72,25.4375,1004.873
2017-06-30 15:59:20 UTC,980,2.9,6.25,314.0,25.375,1004.83
2017-06-30 15:59:40 UTC,981,2.9,6.25,315.6,25.3125,1004.797
2017-06-30 16:00:00 UTC,982,2.9,6.25,311.76,25.3125,1004.817
2017-06-30 16:00:20 UTC,983,2.9,6.25,314.32,25.375,1004.81
2017-06-30 16:00:40 UTC,984,2.9,6.25,312.08,25.4375,1004.855
2017-06-30 16:01:00 UTC,985,2.9,6.25,310.16,25.4375,1004.8
2017-06-30 16:01:20 UTC,986,1.9,5.25,308.88,25.4375,1004.812
2017-06-30 16:01:40 UTC,987,2.9,6.25,312.72,25.5,1004.827
2017-06-30 16:02:02 UTC,988,2.9,6.25,313.36,25.5625,1004.807
2017-06-30 16:02:21 UTC,989,2.9,5.25,314.32,25.625,1004.89
2017-06-30 16:02:41 UTC,990,1.9,5.25,306.32,25.625,1004.853
2017-06-30 16:03:01 UTC,991,2.9,6.25,314.64,25.6875,1004.853
2017-06-30 16:03:21 UTC,992,2.9,5.25,312.4,25.625,1004.855
2017-06-30 16:03:42 UTC,993,1.9,5.25,312.4,25.625,1004.82
2017-06-30 16:04:01 UTC,994,1.9,5.25,311.44,25.625,1004.857
2017-06-30 16:04:21 UTC,995,2.9,6.25,312.72,25.625,1004.847
2017-06-30 16:04:41 UTC,996,1.9,5.25,311.76,25.5625,1004.783
2017-06-30 16:05:01 UTC,997,1.9,5.25,310.48,25.625,1004.86
2017-06-30 16:05:21 UTC,998,1.9,4.25,310.16,25.625,1004.82
2017-06-30 16:05:41 UTC,999,2.9,5.25,307.6,25.5625,1004.815
2017-06-30 16:06:01 UTC,1000,2.9,6.25,310.8,25.625,1004.83
2017-06-30 16:06:21 UTC,1001,2.9,5.25,309.52,25.625,1004.755
2017-06-30 16:06:41 UTC,1002,2.9,6.25,314.96,25.625,1004.81
2017-06-30 16:07:01 UTC,1003,2.9,6.25,311.44,25.6875,1004.847
2017-06-30 16:07:21 UTC,1004,2.9,5.25,308.24,25.75,1004.838
2017-06-30 16:07:41 UTC,1005,2.9,6.25,314.0,25.75,1004.827
2017-06-30 16:08:01 UTC,1006,1.9,5.25,303.68,25.6875,1004.78
2017-06-30 16:08:21 UTC,1007,2.9,6.25,314.32,25.75,1004.855
2017-06-30 16:08:41 UTC,1008,1.68,4.299999,319.44,25.6875,1004.795
2017-06-30 16:09:01 UTC,1009,1.68,4.299999,327.84,25.6875,1004.745
2017-06-30 16:09:21 UTC,1010,0.6800003,3.299999,317.84,25.6875,1004.797
2017-06-30 16:09:42 UTC,1011,2.9,6.25,320.4,25.6875,1004.812
2017-06-30 16:10:03 UTC,1012,2.9,6.25,314.64,25.625,1004.838
2017-06-30 16:10:22 UTC,1013,2.9,6.25,322.64,25.6875,1004.803
2017-06-30 16:10:42 UTC,1014,3.9,7.25,323.36,25.625,1004.835
2017-06-30 16:11:02 UTC,1015,3.9,7.25,317.84,25.625,1004.775
2017-06-30 16:11:22 UTC,1016,1.68,4.299999,324.64,25.6875,1004.833
2017-06-30 16:11:42 UTC,1017,1.68,4.299999,322.4,25.6875,1004.887
2017-06-30 16:12:02 UTC,1018,1.68,4.299999,322.0,25.6875,1004.83
2017-06-30 16:12:22 UTC,1019,2.9,6.25,320.08,25.6875,1004.835
2017-06-30 16:12:42 UTC,1020,1.68,4.299999,321.04,25.6875,1004.817
2017-06-30 16:13:04 UTC,1021,2.9,6.25,316.88,25.6875,1004.835
2017-06-30 16:13:22 UTC,1022,2.9,6.25,322.32,25.75,1004.82
2017-06-30 16:13:42 UTC,1023,1.9,5.25,315.6,25.6875,1004.803
2017-06-30 16:14:02 UTC,1024,1.9,4.25,291.84,25.625,1004.795
